{"_runtime":37592,"Rank5,mIoU":0.5952836350904865,"push_loss":0.28051680008060914,"pull_loss":0.00030238211650449113,"final_loss":3.993981477338025,"ivc_loss":0.0574793600771799,"_timestamp":1.7805248036615336e+09,"Rank1,IoU@0.5":0.3068522106746521,"Rank1,IoU@0.1":0.6783512418530914,"Rank1,mIoU":0.31767013678901573,"_step":29,"Rank5,IoU@0.3":0.8453995654982092,"Rank5,IoU@0.5":0.720333509482708,"_wandb":{"runtime":37592},"Rank1,IoU@0.3":0.443602841876578,"Rank5,IoU@0.1":0.9528506840467383}