{"Rank1,IoU@0.1":0.7738242029240796,"Rank5,IoU@0.1":0.9269567259702894,"push_loss":0.30767585133385456,"Rank5,mIoU":0.5441936137410225,"_timestamp":1.78052479078777e+09,"Rank1,mIoU":0.3471436112369155,"Rank5,IoU@0.5":0.5809406376607363,"_wandb":{"runtime":37603},"pull_loss":0.0002533592889558038,"ivc_loss":0.05466555673151444,"_runtime":37603,"Rank5,IoU@0.3":0.758499207327814,"_step":29,"Rank1,IoU@0.3":0.5007926721860138,"final_loss":3.9360678267275166,"Rank1,IoU@0.5":0.2785508778110504}