{"Rank1,IoU@0.1":0.8270800305325583,"Rank5,mIoU":0.46639172261667156,"Rank1,IoU@0.3":0.5553402618754036,"_wandb":{"runtime":18348},"ivc_loss":0.042298776054611575,"final_loss":3.8959382892673853,"_step":29,"Rank1,mIoU":0.36116029477634304,"pull_loss":0.0014853388148172895,"_runtime":18348,"Rank5,IoU@0.5":0.47331336973753746,"Rank5,IoU@0.3":0.6724795960307675,"Rank1,IoU@0.5":0.28283717926134694,"Rank5,IoU@0.1":0.8957195701955258,"push_loss":0.3175830601881712,"_timestamp":1.7804791188523877e+09}