{"Rank1,IoU@0.5":0.28594915154717865,"Rank5,IoU@0.5":0.7496330221361047,"_step":6,"Rank1,mIoU":0.2981866111410183,"_timestamp":1.780540637348706e+09,"Rank5,IoU@0.3":0.856379543185955,"_runtime":3171,"final_loss":4.54360093214573,"push_loss":0.28109618993396435,"Rank1,IoU@0.1":0.6346661969350009,"Rank5,mIoU":0.6160330183856375,"_wandb":{"runtime":3171},"Rank1,IoU@0.3":0.45863425518172746,"ivc_loss":0.053944692821202116,"Rank5,IoU@0.1":0.9549057600845517,"pull_loss":0.0016425325189474334}