{"final_loss": 3.892145440924881, "ivc_loss": 0.042613848986533975, "push_loss": 0.31535380627864446, "pull_loss": 0.000294401718397589, "Rank1,mIoU": 0.3659723360057819, "Rank1,IoU@0.1": 0.828958957195702, "Rank1,IoU@0.3": 0.5599201456168164, "Rank1,IoU@0.5": 0.2964006811109154, "Rank5,mIoU": 0.5086760315408949, "Rank5,IoU@0.1": 0.9160941811989901, "Rank5,IoU@0.3": 0.7255592742645763, "Rank5,IoU@0.5": 0.5377253244084317, "_timestamp": 1780475369.7417994, "_runtime": 22786.00201034546, "_step": 29, "_wandb": {"runtime": 22785}}