{"_step":29,"pull_loss":0.0007294975099517987,"final_loss":3.9442787258034078,"Rank5,mIoU":0.5465176953674916,"Rank5,IoU@0.1":0.9307732957548001,"ivc_loss":0.05914332312173568,"_wandb":{"runtime":37611},"Rank5,IoU@0.5":0.5879278961893019,"Rank5,IoU@0.3":0.7697727673066761,"Rank1,mIoU":0.33206781991568846,"Rank1,IoU@0.1":0.7593799542011626,"Rank1,IoU@0.5":0.2656919734601609,"Rank1,IoU@0.3":0.4506488168633668,"push_loss":0.30308371311069554,"_timestamp":1.780524846483715e+09,"_runtime":37611}